m/z	rtime	p-value	t-score	custom_id	log2fc	name
168.0658	23.72	0.00707673366467357	25.960193597618776		2.124287388835018	
