m/z	rtime	p-value	t-score	custom_id	log2fc	name	emp_ID	categories	classes
488.2498	24.38	0.008367804706066986	-29.926742091139424		-3.94339465120742				
