m/z	rtime	p-value	t-score	custom_id	log2fc	name
364.0066	185.2	0.005884998344515873	32.550243056377276		2.8997150728650603	
