m/z	rtime	p-value	t-score	custom_id	log2fc	name
253.0865	305.54	0.02522631646739126	-44.98244152915081		-5.952564040256146	
