m/z	rtime	p-value	t-score	custom_id	log2fc	name
189.0591	300.68	0.010813012035673003	27.52130265603118		1.6756544419329842	
