m/z	rtime	p-value	t-score	custom_id	log2fc	name	emp_ID
193.0647	275.21	0.002030320982410694	-16.393517653598558		-1.555767855746204	193.0647_M-H-	
172.0354	270.35	0.003256029545743409	-13.012192375566034	C6H6N2O4	-2.3319638948147876	1,6-Dinitrocyclohexa-1,4-diene,1,5-Dinitrocyclohexa-1,4-diene	kp222_170.0323
189.0591	300.81	0.003256029545743409	13.108911905939076	C8H14O3S	2.217456441245119	Ethyl 4-(acetylthio)butyrate	23800
535.0375	362.33	0.03284385587251831	8.258399042302797	C14H22N2O16P2	1.1341545131482142	UDP-D-Xylose,UDP-L-arabinose,UDP-D-apiose	49929
706.9891	370.73	0.003812275722311081	12.179672884565653		2.950910217915137	706.9891_Na/H	
475.1902	251.65	0.005559627658806113	-11.134718424549005	C22H29ClN8	-2.6552975779902575	4-(5-Chloro-3-isopropyl-1H-pyrazol-4-yl)-N-(5-(4-(dimethylamino)piperidin-1-yl)pyridin-2-yl)pyrimidin-2-amine	57622
