m/z	rtime	p-value	t-score	custom_id	log2fc	name	emp_ID	categories	classes
599.3894	23.72	0.0006435124677821653	57.830691140539855		3.4798884115453497				
