m/z	rtime	p-value	t-score	custom_id	log2fc	name	emp_ID	categories	classes
181.0111	273.94	0.00021245229763267598	79.19044100330856		2.3071176748609297	181.0111			
168.0658	23.72	0.000622292727321237	50.88244341261775	C8H13NO4	2.2268553645415707	N-(3S-hydroxy-butanoyl)-homoserine lactone,N-(3-hydroxy-butanoyl)-homoserine lactone	20851	{'Fatty Acyls [FA]'}	{'Fatty amides [FA08]'}
552.4636	273.28	0.008135769452700496	-19.49097540892413	C33H63NO5	-3.0875111634936445	Topostin B553	32093	{'Fatty Acyls [FA]'}	{'Fatty amides [FA08]'}
638.4201	237.06	0.006245167215951014	21.659229928973122	C35H64NO8P,C33H65NO6S	1.9364462655043724	PE(18:3(9Z,12Z,15Z)/12:0),PE(12:0/18:3(6Z,9Z,12Z)),PE(18:3(6Z,9Z,12Z)/12:0),PE(12:0/18:3(9Z,12Z,15Z)),Sulfobacin SL3	33343	{'Glycerophospholipids [GP]', 'Sphingolipids [SP]'}	{'Other Sphingolipids [SP00]', 'Glycerophosphoethanolamines [GP02]'}
589.4034	306.83	0.002752518812187022	-29.466198959214392		-1.487337221044406	589.4034_M-H-			
591.4232	269.83	0.01270075986457568	16.839850469726084	C42H58O3	1.9858458980935119	Ketospirilloxanthin,Lutein 3-acetate	36508	{'Prenol Lipids [PR]'}	{'Isoprenoids [PR01]'}
955.5205	470.77	0.003031982805459671	27.192740300631993		4.223450436554824	955.5205_M-H-			
1385.8807	450.6	0.000871354265354185	42.25416530324589		1.748710751696816	1385.8807			
