m/z	rtime	p-value	t-score	custom_id	log2fc	name	emp_ID
206.1004	166.03	0.03455224105847217	-14.551327878163974	C11H12N2O2	-0.8219898194869799	3h-Indole-3-propanoic acid,a-amino-,Ethotoin,D-Tryptophan,Idazoxan,L-Tryptophan,Nirvanol,3-Hydroxymethylantipyrine,4-Hydroxyantipyrine,S-nirvanol,(±)-Tryptophan	kp76_204.0897
188.0706	166.16	0.03455224105847217	-15.275317274586527	C11H9NO2,C6H10ClN5	-0.8675470542550983	Indoleacrylic acid,6-Chloro-N-(1-methylethyl)-1,3,5-triazine-2,4-diamine	kp682_187.0633
189.0738	166.29	0.03918805802875031	-12.268253413347361	C11H9NO2,C6H10ClN5	-0.8294450404728337	Indoleacrylic acid,6-Chloro-N-(1-methylethyl)-1,3,5-triazine-2,4-diamine	kp682_187.0633
159.0916	166.29	0.03455224105847217	-14.351823647376328	C10H10N2	-0.6913059659869347	Nicotyrine,1,2-Diaminonaphthalene,2,3-Diaminonaphthalene,1,5-Naphthalenediamine,1-Benzylimidazole	kp696_158.0844
305.165	422.02	0.036744738858497626	-12.97193413754646	C11H21N5O5	-0.3383824809976126	N2-gamma-L-Glutamyl-L-arginine,Arginylglutamic acid,Glutamylarginine,gamma-Glutamylarginine	kp1054_303.1542
454.0265	325.71	0.006439034261486399	-31.634979660136317		-6.164267571236653		
568.9236	324.4	0.03455224105847217	-13.802939831366011		-4.936740351727938		
