m/z	rtime	p-value	t-score	custom_id	log2fc	name	emp_ID	categories	classes
181.0111	273.94	0.00021245229763267598	79.19044100330856		2.3071176748609297				
168.0658	23.72	0.000622292727321237	50.88244341261775		2.2268553645415707				
552.4636	273.28	0.008135769452700496	-19.49097540892413	C33H63NO5	-3.0875111634936445	Topostin B553	kp1003_553.4707	{'Fatty Acyls [FA]'}	{'Fatty amides [FA08]'}
638.4201	237.06	0.006245167215951014	21.659229928973122		1.9364462655043724				
589.4034	306.83	0.002752518812187022	-29.466198959214392		-1.487337221044406				
591.4232	269.83	0.01270075986457568	16.839850469726084		1.9858458980935119				
955.5205	470.77	0.003031982805459671	27.192740300631993		4.223450436554824				
1385.8807	450.6	0.000871354265354185	42.25416530324589		1.748710751696816				
