m/z	rtime	p-value	t-score	custom_id	log2fc	name	emp_ID	categories	classes
465.3044	205.29	0.0007642939211416636	13.53403056141177		0.9420093174581012				
466.3077	205.29	0.0007642939211416636	13.698584327573995	C35H67NO3	0.9400182328891198	Cer(d15:2(4E,6E)/20:0)	kp4553_549.5119	{'Sphingolipids [SP]'}	{'Ceramides [SP02]'}
533.291	205.29	0.001785462847896999	11.23160227313127		0.9321080955349359				
