m/z	rtime	p-value	t-score	custom_id	log2fc	name	emp_ID
189.0591	300.68	0.0035122977478154543	36.48952566397132		2.2208688772961267		
