m/z	rtime	p-value	t-score	custom_id	log2fc	name	emp_ID
189.0591	300.68	0.0014305106823527492	12.855395824548173		2.378370166017614		
193.0647	275.21	0.0004323655635995651	-17.930217152321084		-1.6315315208089274		
172.0354	270.35	0.0014305106823527492	-12.801860131462886		-2.2721496867078734		
399.1443	312.24	0.03293732468815781	-7.124902040952795		-1.3797654583148926		
475.1902	251.25	0.0023061015810215864	-11.423065047948885		-2.774660276679029		
535.0375	362.06	0.028920595184656693	7.488483818162881		0.9734199026655723		
