m/z	rtime	p-value	t-score	custom_id	log2fc	name	emp_ID
740.3564	268.54	0.0002161903597074697	21.743623945594255		1.1196694487451708		
