m/z	rtime	p-value	t-score	custom_id	log2fc	name	emp_ID	categories	classes
536.8845	21.36	0.03217603886623999	18.04268580207017		0.6184876914689035				
