m/z	rtime	p-value	t-score	custom_id	log2fc	name	emp_ID	categories	classes
648.2491	247.2	0.004776050370881597	-21.740238849182873		-4.648204351492099				
658.278	247.46	0.004029312313003205	-25.126318476121316		-2.9041454960409716				
658.278	254.19	0.018167879998776046	-14.422749851631911	C52H97NO18	-2.2993175742540366	Isoglobotriglycosylceramide(d18:1/16:0),Gb3(d18:1/16:0)	kp2370_1023.6713	{'Sphingolipids [SP]'}	{'Neutral glycosphingolipids [SP05]'}
588.2543	243.89	0.004029312313003205	-25.17897841508877		-4.526992283210344				
