m/z	rtime	p-value	t-score	custom_id	log2fc	name	emp_ID	categories	classes
168.0658	23.72	0.000480997104572529	51.831043569275224		2.1736722572426608				
552.4636	273.28	0.006750483042891373	-20.27816638169714	C33H63NO5	-3.0998792937491046	Topostin B553	kp2140_553.4707	{'Fatty Acyls [FA]'}	{'Fatty amides [FA08]'}
589.4034	306.83	0.0029202729282173674	-27.72311414132729		-1.5027594561389428				
