m/z	rtime	p-value	t-score	custom_id	log2fc	name	emp_ID
122.9956	155.71	0.017680098075709236	19.1047330409282	C2H4N2O2	2.094200284457152	Glyoxime	6126
104.9947	124.8	0.004475608177577143	32.123976560941514		2.525544273939623	104.9947	
220.0224	208.65	0.02032951116439279	17.432462171016727	C6H15O4P,C6H15O4P,C8H15KO2	2.602541335266679	Diisopropylphosphate,TRIETHYL PHOSPHATE,Diisopropylphosphate,TRIETHYL PHOSPHATE,Potassium octanoate	kp552_182.0702
243.1794	34.46	0.0003289650006406834	73.46465404725113	C11H22O3	2.509475968938336	2-Hydroxyundecanoate,2-Hydroxypropyl octanoate,3-hydroxyundecanoic acid,3-Hydroxynonyl acetate	kp1343_202.1567
386.9892	1.96	0.006187903253301974	26.75006829830934	C18H8O8	3.263203680292534	Thelephoric acid	40207
