m/z	rtime	p-value	t-score	custom_id	log2fc	name	emp_ID	categories	classes
442.2573	59.58	0.019549953445177595	-10.423588161272326		-3.4834970644978576				
