m/z	rtime	p-value	t-score	custom_id	log2fc	name	emp_ID	categories	classes
168.0658	23.72	0.0045941505853836434	29.444927375504598		2.0875858783273564				
