m/z	rtime	p-value	t-score	custom_id	log2fc	name	emp_ID
228.0222	27.57	0.00027066965881071596	20.504355888897106		1.2557476848587825		
401.0883	35.08	0.0017513485957453081	14.109423498214928		1.475656208307651		
