m/z	rtime	p-value	t-score	custom_id	log2fc	name	emp_ID
213.1241	238.21	0.03903926817403934	9.788327650131398		3.4902163884967194		
