m/z	rtime	p-value	t-score	custom_id	log2fc	name	emp_ID
252.0742	188.66	0.0075640452977092	-13.215779709583371		-1.5463447903996048		
357.0442	34.03	0.024738642371188967	9.9777886926493		4.929710001526994		
