m/z	rtime	p-value	t-score	custom_id	log2fc	name	emp_ID	categories	classes
158.8459	22.15	0.030817117354868195	-14.113079304153558		-1.8203362716224127				
163.8389	22.42	0.027573932675163147	-15.074007660268324		-1.9243982071913415				
164.9265	23.47	0.006616817635936911	-24.885383736930585		-1.019499748444126				
166.8324	22.02	0.011501406764966238	-20.47091172510229		-1.8063783825922677				
213.8889	22.15	0.005997051871207138	-28.58769383213886		-4.561500118045087				
213.9636	24.78	0.005997051871207138	-27.41964198402555		-9.279373899425403				
298.9433	26.38	0.030817117354868195	-13.7479158150048		-0.8301841839218227				
397.9506	26.64	0.015513565927330393	18.129323286079945		2.226242122751497				
478.2943	104.71	0.005997051871207138	-33.39725462002821	C23H46NO7P	-2.2984123951917645	PE(0:0/18:1(9Z)),PC(15:1(9Z)/0:0),PE(0:0/18:1(11Z)),PE(18:1(11Z)/0:0),PE(18:1(9Z)/0:0)	kp1172_479.3017	{'Glycerophospholipids [GP]'}	{'Glycerophosphocholines [GP01]', 'Glycerophosphoethanolamines [GP02]'}
