m/z	rtime	p-value	t-score	custom_id	log2fc	name	emp_ID	categories	classes
601.3707	230.54	0.046710368400482656	-43.192205315423344		-6.1036638069943				
