m/z	rtime	p-value	t-score	custom_id	log2fc	name	emp_ID	categories	classes
243.183	20.65	0.00042802700902139435	18.960461077195575		2.432729120977985				
316.2118	21.57	0.020305973536742152	8.833586825793509		1.1315755631124915				
317.2151	21.44	0.020305973536742152	8.689285344877447		1.2015083991718676				
202.1803	21.44	0.004858904602349336	11.985485210131856	C11H23NO2	2.49880909128564	11-amino-undecanoic acid	kp882_201.1729	{'Fatty Acyls [FA]'}	{'Fatty Acids and Conjugates [FA01]'}
