m/z	rtime	p-value	t-score	custom_id	log2fc	name	emp_ID	categories	classes
247.1654	23.94	1.2164975283103824e-06	46.22365457471306	C9H19NO4	5.6680815504677255	Pantothenol	kp550_205.1316	{'Fatty Acyls [FA]'}	{'Fatty amides [FA08]'}
202.1803	21.44	0.012219977743339007	9.871402126671509	C11H23NO2	2.2274855168863823	11-amino-undecanoic acid	kp899_201.1729	{'Fatty Acyls [FA]'}	{'Fatty Acids and Conjugates [FA01]'}
203.1835	21.57	0.002809268862715472	12.847469543727188	C11H23NO2	2.269109999748185	11-amino-undecanoic acid	kp899_201.1729	{'Fatty Acyls [FA]'}	{'Fatty Acids and Conjugates [FA01]'}
629.5033	148.16	1.7678455611265734e-06	39.66834981909873		4.584965989900226				
