m/z	rtime	p-value	t-score	custom_id	log2fc	name	emp_ID
394.969	258.38	2.672837605839463e-05	29.13246144426825		1.4899250016926295		
