m/z	rtime	p-value	t-score	custom_id	log2fc	name	emp_ID
893.5857	35.1	0.01724403112606376	-12.934060372715626		-2.3959448082034314		
