category	significant	up	down	expected_up	expected_down	raw_p_value	corr_p_value
Fatty Acyls [FA]		13	13	8.125	17.875	0.2581425263567647	0.7000000000000002
Sphingolipids [SP]		1	10	3.4375	7.5625	0.3107769423558897	0.7000000000000002
Prenol Lipids [PR]		3	4	2.1875	4.8125	1.0	1.0
Polyketides [PK]		2	4	1.875	4.125	1.0	1.0
Glycerophospholipids [GP]		4	15	5.9375	13.0625	0.7139819564736138	0.9995747390630594
Sterol Lipids [ST]		0	8	2.5	5.5	0.2	0.7000000000000002
Glycerolipids [GL]		2	1	0.9375	2.0625	0.4000000000000001	0.7000000000000002
