category	significant	up	down	expected_up	expected_down	raw_p_value	corr_p_value
Polyketides [PK]		0	3	1.3636363636363635	1.6363636363636362	0.4000000000000001	1.0
Glycerophospholipids [GP]		4	8	5.454545454545454	6.545454545454545	0.6801722977520528	1.0
Prenol Lipids [PR]		1	0	0.45454545454545453	0.5454545454545454	1.0	1.0
Sphingolipids [SP]		4	1	2.2727272727272725	2.727272727272727	0.5238095238095237	1.0
Sterol Lipids [ST]		1	0	0.45454545454545453	0.5454545454545454	1.0	1.0
