category	significant	up	down	expected_up	expected_down	raw_p_value	corr_p_value
Fatty Acyls [FA]		12	31	16.78767123287671	26.21232876712329	0.36174820617867764	1.0
Sphingolipids [SP]		9	12	8.198630136986301	12.801369863013699	1.0	1.0
Prenol Lipids [PR]		17	7	9.36986301369863	14.63013698630137	0.04146359129006334	0.2902451390304434
Polyketides [PK]		5	12	6.636986301369863	10.363013698630137	0.7206815946865279	1.0
Glycerophospholipids [GP]		8	19	10.54109589041096	16.458904109589042	0.5694047602614417	1.0
Sterol Lipids [ST]		5	6	4.294520547945206	6.705479452054794	1.0	1.0
Glycerolipids [GL]		1	2	1.1712328767123288	1.8287671232876712	1.0	1.0
