category	significant	up	down	expected_up	expected_down	raw_p_value	corr_p_value
Fatty Acyls [FA]		19	7	12.025	13.975	0.08887908712916857	0.62215360990418
Sphingolipids [SP]		2	9	5.0875	5.9125	0.1826625386996904	0.6393188854489165
Prenol Lipids [PR]		2	5	3.2375000000000003	3.7624999999999997	0.5920745920745922	1.0
Polyketides [PK]		3	3	2.7750000000000004	3.2249999999999996	1.0	1.0
Glycerophospholipids [GP]		6	13	8.7875	10.2125	0.5076782010041186	1.0
Sterol Lipids [ST]		3	5	3.7	4.3	1.0	1.0
Glycerolipids [GL]		2	1	1.3875000000000002	1.6124999999999998	1.0	1.0
