category	significant	up	down	expected_up	expected_down	raw_p_value	corr_p_value
Fatty Acyls [FA]		1	7	2.810810810810811	5.1891891891891895	0.5692307692307691	0.7300699300699299
Polyketides [PK]		4	4	2.810810810810811	5.1891891891891895	0.6083916083916083	0.7300699300699299
Prenol Lipids [PR]		3	0	1.0540540540540542	1.945945945945946	0.4000000000000001	0.7300699300699299
Sterol Lipids [ST]		4	5	3.1621621621621623	5.837837837837839	1.0	1.0
Sphingolipids [SP]		0	3	1.0540540540540542	1.945945945945946	0.4000000000000001	0.7300699300699299
Glycerophospholipids [GP]		1	5	2.1081081081081083	3.891891891891892	0.5454545454545454	0.7300699300699299
