category	significant	up	down	expected_up	expected_down	raw_p_value	corr_p_value
Fatty Acyls [FA]		4	13	4.5	12.5	1.0	1.0
Prenol Lipids [PR]		1	2	0.7941176470588236	2.2058823529411766	1.0	1.0
Sterol Lipids [ST]		1	1	0.5294117647058824	1.4705882352941178	1.0	1.0
Glycerophospholipids [GP]		5	23	7.411764705882353	20.58823529411765	0.5279409234589056	1.0
Sphingolipids [SP]		4	5	2.3823529411764706	6.61764705882353	0.6199095022624433	1.0
Polyketides [PK]		0	1	0.2647058823529412	0.7352941176470589	1.0	1.0
Glycerolipids [GL]		3	5	2.1176470588235294	5.882352941176471	1.0	1.0
