category	significant	up	down	expected_up	expected_down	raw_p_value	corr_p_value
Fatty Acyls [FA]		2	6	3.4594594594594597	4.54054054054054	0.6083916083916083	0.9557795146030442
Polyketides [PK]		5	3	3.4594594594594597	4.54054054054054	0.6192696192696192	0.9557795146030442
Prenol Lipids [PR]		2	1	1.2972972972972974	1.7027027027027026	1.0	1.0
Sterol Lipids [ST]		5	4	3.891891891891892	5.108108108108108	0.6371863430686961	0.9557795146030442
Sphingolipids [SP]		0	3	1.2972972972972974	1.7027027027027026	0.4000000000000001	0.9557795146030442
Glycerophospholipids [GP]		2	4	2.5945945945945947	3.4054054054054053	1.0	1.0
