category	significant	up	down	expected_up	expected_down	raw_p_value	corr_p_value
Fatty Acyls [FA]		0	8	0.8648648648648649	7.135135135135135	1.0	1.0
Polyketides [PK]		3	5	0.8648648648648649	7.135135135135135	0.19999999999999996	1.0
Prenol Lipids [PR]		1	2	0.32432432432432434	2.6756756756756754	1.0	1.0
Sterol Lipids [ST]		0	9	0.972972972972973	8.027027027027026	1.0	1.0
Sphingolipids [SP]		0	3	0.32432432432432434	2.6756756756756754	1.0	1.0
Glycerophospholipids [GP]		0	6	0.6486486486486487	5.351351351351351	1.0	1.0
