category	significant	up	down	expected_up	expected_down	raw_p_value	corr_p_value
Fatty Acyls [FA]		8	9	9.5	7.5	0.7318573310967607	1.0
Prenol Lipids [PR]		3	0	1.6764705882352942	1.3235294117647058	0.4000000000000001	1.0
Sterol Lipids [ST]		2	0	1.1176470588235294	0.8823529411764706	1.0	1.0
Glycerophospholipids [GP]		14	14	15.647058823529413	12.352941176470587	0.7890730109606467	1.0
Sphingolipids [SP]		7	2	5.029411764705882	3.9705882352941178	0.6199095022624436	1.0
Polyketides [PK]		0	1	0.5588235294117647	0.4411764705882353	1.0	1.0
Glycerolipids [GL]		4	4	4.470588235294118	3.5294117647058822	1.0	1.0
