category	significant	up	down	expected_up	expected_down	raw_p_value	corr_p_value
Fatty Acyls [FA]		26	17	28.273972602739725	14.726027397260275	0.6536767487654703	1.0
Sphingolipids [SP]		12	9	13.80821917808219	7.191780821917809	0.7513167417397049	1.0
Prenol Lipids [PR]		18	6	15.780821917808218	8.219178082191782	0.5343295528786893	1.0
Polyketides [PK]		12	5	11.17808219178082	5.821917808219179	1.0	1.0
Glycerophospholipids [GP]		20	7	17.753424657534246	9.246575342465754	0.5586696988829181	1.0
Sterol Lipids [ST]		6	5	7.232876712328767	3.7671232876712333	0.6594427244582044	1.0
Glycerolipids [GL]		2	1	1.9726027397260273	1.0273972602739727	1.0	1.0
