category	significant	up	down	expected_up	expected_down	raw_p_value	corr_p_value
Fatty Acyls [FA]		1	9	3.2142857142857144	6.7857142857142865	0.30340557275541796	0.8888888888888888
Polyketides [PK]		7	10	5.464285714285714	11.535714285714286	0.7206815946865278	1.0
Prenol Lipids [PR]		4	0	1.2857142857142858	2.7142857142857144	0.14285714285714288	0.8571428571428573
Sterol Lipids [ST]		5	9	4.5	9.5	1.0	1.0
Sphingolipids [SP]		0	5	1.6071428571428572	3.3928571428571432	0.4444444444444444	0.8888888888888888
Glycerophospholipids [GP]		1	5	1.9285714285714288	4.071428571428571	1.0	1.0
