category	significant	up	down	expected_up	expected_down	raw_p_value	corr_p_value
Fatty Acyls [FA]		24	19	26.21232876712329	16.78767123287671	0.6609799027870642	1.0
Sphingolipids [SP]		10	11	12.801369863013699	8.198630136986301	0.5359017771400093	1.0
Prenol Lipids [PR]		16	8	14.63013698630137	9.36986301369863	0.7661279301087282	1.0
Polyketides [PK]		12	5	10.363013698630137	6.636986301369863	0.7206815946865278	1.0
Glycerophospholipids [GP]		20	7	16.458904109589042	10.54109589041096	0.38690871682654016	1.0
Sterol Lipids [ST]		6	5	6.705479452054794	4.294520547945206	1.0	1.0
Glycerolipids [GL]		1	2	1.8287671232876712	1.1712328767123288	1.0	1.0
