category	significant	up	down	expected_up	expected_down	raw_p_value	corr_p_value
Fatty Acyls [FA]		15	11	16.900000000000002	9.1	0.7760656213538579	1.0
Sphingolipids [SP]		8	3	7.15	3.8499999999999996	1.0	1.0
Prenol Lipids [PR]		6	1	4.55	2.4499999999999997	0.5594405594405595	1.0
Polyketides [PK]		2	4	3.9000000000000004	2.0999999999999996	0.567099567099567	1.0
Glycerophospholipids [GP]		13	6	12.35	6.6499999999999995	1.0	1.0
Sterol Lipids [ST]		5	3	5.2	2.8	1.0	1.0
Glycerolipids [GL]		3	0	1.9500000000000002	1.0499999999999998	0.4000000000000001	1.0
