category	significant	up	down	expected_up	expected_down	raw_p_value	corr_p_value
Polyketides [PK]		2	1	2.0454545454545454	0.9545454545454547	1.0	1.0
Glycerophospholipids [GP]		7	5	8.181818181818182	3.818181818181819	0.6668461434917217	1.0
Prenol Lipids [PR]		1	0	0.6818181818181818	0.31818181818181823	1.0	1.0
Sphingolipids [SP]		4	1	3.4090909090909087	1.5909090909090913	1.0	1.0
Sterol Lipids [ST]		1	0	0.6818181818181818	0.31818181818181823	1.0	1.0
