category	significant	up	down	expected_up	expected_down	raw_p_value	corr_p_value
Fatty Acyls [FA]		9	8	7.5	9.5	0.7318573310967607	1.0
Prenol Lipids [PR]		0	3	1.3235294117647058	1.6764705882352942	0.4000000000000001	1.0
Sterol Lipids [ST]		0	2	0.8823529411764706	1.1176470588235294	1.0	1.0
Glycerophospholipids [GP]		12	16	12.352941176470587	15.647058823529413	1.0	1.0
Sphingolipids [SP]		5	4	3.9705882352941178	5.029411764705882	0.6371863430686961	1.0
Polyketides [PK]		0	1	0.4411764705882353	0.5588235294117647	1.0	1.0
Glycerolipids [GL]		4	4	3.5294117647058822	4.470588235294118	1.0	1.0
