category	significant	up	down	expected_up	expected_down	raw_p_value	corr_p_value
Fatty Acyls [FA]		12	5	9.5	7.5	0.4812658187035515	1.0
Prenol Lipids [PR]		2	1	1.6764705882352942	1.3235294117647058	1.0	1.0
Sterol Lipids [ST]		1	1	1.1176470588235294	0.8823529411764706	1.0	1.0
Glycerophospholipids [GP]		12	16	15.647058823529413	12.352941176470587	0.42301597530269575	1.0
Sphingolipids [SP]		5	4	5.029411764705882	3.9705882352941178	1.0	1.0
Polyketides [PK]		1	0	0.5588235294117647	0.4411764705882353	1.0	1.0
Glycerolipids [GL]		5	3	4.470588235294118	3.5294117647058822	1.0	1.0
