category	significant	up	down	expected_up	expected_down	raw_p_value	corr_p_value
Fatty Acyls [FA]		23	20	24.445205479452056	18.554794520547944	0.8282800838657335	1.0
Sphingolipids [SP]		12	9	11.938356164383563	9.061643835616437	1.0	1.0
Prenol Lipids [PR]		19	5	13.643835616438357	10.356164383561643	0.1245813704509593	0.582120230207477
Polyketides [PK]		5	12	9.664383561643836	7.335616438356164	0.16632006577356487	0.582120230207477
Glycerophospholipids [GP]		16	11	15.349315068493151	11.650684931506849	1.0	1.0
Sterol Lipids [ST]		6	5	6.253424657534247	4.746575342465753	1.0	1.0
Glycerolipids [GL]		2	1	1.7054794520547947	1.2945205479452053	1.0	1.0
