category	significant	up	down	expected_up	expected_down	raw_p_value	corr_p_value
Fatty Acyls [FA]		3	5	4.324324324324325	3.6756756756756754	0.6192696192696192	1.0
Polyketides [PK]		5	3	4.324324324324325	3.6756756756756754	1.0	1.0
Prenol Lipids [PR]		1	2	1.6216216216216217	1.3783783783783783	1.0	1.0
Sterol Lipids [ST]		7	2	4.864864864864865	4.135135135135135	0.33484162895927605	1.0
Sphingolipids [SP]		0	3	1.6216216216216217	1.3783783783783783	0.4000000000000001	1.0
Glycerophospholipids [GP]		4	2	3.2432432432432434	2.7567567567567566	1.0	1.0
