category	significant	up	down	expected_up	expected_down	raw_p_value	corr_p_value
Fatty Acyls [FA]		1	7	2.5945945945945947	5.405405405405405	0.5692307692307691	1.0
Polyketides [PK]		2	6	2.5945945945945947	5.405405405405405	1.0	1.0
Prenol Lipids [PR]		1	2	0.972972972972973	2.027027027027027	1.0	1.0
Sterol Lipids [ST]		5	4	2.9189189189189193	6.081081081081081	0.33484162895927605	1.0
Sphingolipids [SP]		0	3	0.972972972972973	2.027027027027027	1.0	1.0
Glycerophospholipids [GP]		3	3	1.945945945945946	4.054054054054054	0.5454545454545454	1.0
