category	significant	up	down	expected_up	expected_down	raw_p_value	corr_p_value
Polyketides [PK]		1	2	1.0909090909090908	1.9090909090909092	1.0	1.0
Glycerophospholipids [GP]		4	8	4.363636363636363	7.636363636363637	1.0	1.0
Prenol Lipids [PR]		0	1	0.36363636363636365	0.6363636363636364	1.0	1.0
Sphingolipids [SP]		3	2	1.8181818181818183	3.1818181818181817	0.5238095238095237	1.0
Sterol Lipids [ST]		0	1	0.36363636363636365	0.6363636363636364	1.0	1.0
