category	significant	up	down	expected_up	expected_down	raw_p_value	corr_p_value
Fatty Acyls [FA]		17	26	17.671232876712327	25.328767123287673	1.0	1.0
Sphingolipids [SP]		9	12	8.63013698630137	12.36986301369863	1.0	1.0
Prenol Lipids [PR]		10	14	9.863013698630137	14.136986301369863	1.0	1.0
Polyketides [PK]		11	6	6.986301369863013	10.013698630136986	0.16935359899752067	1.0
Glycerophospholipids [GP]		8	19	11.095890410958903	15.904109589041097	0.3982850935601444	1.0
Sterol Lipids [ST]		4	7	4.520547945205479	6.479452054794521	1.0	1.0
Glycerolipids [GL]		1	2	1.2328767123287672	1.7671232876712328	1.0	1.0
