category	significant	up	down	expected_up	expected_down	raw_p_value	corr_p_value
Fatty Acyls [FA]		12	31	8.246575342465754	34.75342465753425	0.4444255105541542	0.6221957147758158
Sphingolipids [SP]		8	13	4.027397260273973	16.972602739726028	0.30576379199510584	0.6221957147758158
Prenol Lipids [PR]		2	22	4.602739726027397	19.397260273972602	0.41580075870031336	0.6221957147758158
Polyketides [PK]		2	15	3.2602739726027394	13.73972602739726	0.6561836383860856	0.6561836383860856
Glycerophospholipids [GP]		1	26	5.178082191780821	21.82191780821918	0.100285397177739	0.6221957147758158
Sterol Lipids [ST]		1	10	2.1095890410958904	8.89041095890411	0.5864661654135338	0.6561836383860856
Glycerolipids [GL]		2	1	0.5753424657534246	2.4246575342465753	0.4000000000000001	0.6221957147758158
