category	significant	up	down	expected_up	expected_down	raw_p_value	corr_p_value
Polyketides [PK]		2	1	0.8181818181818181	2.1818181818181817	0.4000000000000001	0.8730158730158729
Glycerophospholipids [GP]		1	11	3.2727272727272725	8.727272727272727	0.3167701863354037	0.8730158730158729
Prenol Lipids [PR]		0	1	0.2727272727272727	0.7272727272727273	1.0	1.0
Sphingolipids [SP]		3	2	1.3636363636363635	3.6363636363636367	0.5238095238095237	0.8730158730158729
Sterol Lipids [ST]		0	1	0.2727272727272727	0.7272727272727273	1.0	1.0
