category	significant	up	down	expected_up	expected_down	raw_p_value	corr_p_value
Fatty Acyls [FA]		13	13	14.3	11.7	0.7812512794294943	1.0
Sphingolipids [SP]		6	5	6.050000000000001	4.949999999999999	1.0	1.0
Prenol Lipids [PR]		6	1	3.8500000000000005	3.1499999999999995	0.26573426573426573	0.9300699300699301
Polyketides [PK]		1	5	3.3000000000000003	2.6999999999999997	0.24242424242424238	0.9300699300699301
Glycerophospholipids [GP]		11	8	10.450000000000001	8.549999999999999	1.0	1.0
Sterol Lipids [ST]		4	4	4.4	3.5999999999999996	1.0	1.0
Glycerolipids [GL]		3	0	1.6500000000000001	1.3499999999999999	0.4000000000000001	0.9333333333333336
