category	significant	up	down	expected_up	expected_down	raw_p_value	corr_p_value
Fatty Acyls [FA]		5	5	6.071428571428571	3.928571428571429	0.6499166468206716	0.9748749702310074
Polyketides [PK]		13	4	10.321428571428571	6.67857142857143	0.4646397231491783	0.9748749702310074
Prenol Lipids [PR]		2	2	2.4285714285714284	1.5714285714285716	1.0	1.0
Sterol Lipids [ST]		6	8	8.5	5.500000000000001	0.4494817606676539	0.9748749702310074
Sphingolipids [SP]		3	2	3.0357142857142856	1.9642857142857144	1.0	1.0
Glycerophospholipids [GP]		5	1	3.6428571428571423	2.3571428571428577	0.5454545454545454	0.9748749702310074
