category	significant	up	down	expected_up	expected_down	raw_p_value	corr_p_value
Fatty Acyls [FA]		13	13	12.025	13.975	1.0	1.0
Sphingolipids [SP]		5	6	5.0875	5.9125	1.0	1.0
Prenol Lipids [PR]		3	4	3.2375000000000003	3.7624999999999997	1.0	1.0
Polyketides [PK]		3	3	2.7750000000000004	3.2249999999999996	1.0	1.0
Glycerophospholipids [GP]		8	11	8.7875	10.2125	1.0	1.0
Sterol Lipids [ST]		4	4	3.7	4.3	1.0	1.0
Glycerolipids [GL]		1	2	1.3875000000000002	1.6124999999999998	1.0	1.0
