category	significant	up	down	expected_up	expected_down	raw_p_value	corr_p_value
Fatty Acyls [FA]		6	4	4.821428571428571	5.178571428571428	0.6562817986966595	0.8782287973161129
Polyketides [PK]		7	10	8.196428571428571	8.803571428571427	0.7318573310967608	0.8782287973161129
Prenol Lipids [PR]		1	3	1.9285714285714286	2.071428571428571	1.0	1.0
Sterol Lipids [ST]		4	10	6.75	7.249999999999999	0.44007119247393844	0.8782287973161129
Sphingolipids [SP]		4	1	2.4107142857142856	2.589285714285714	0.5238095238095237	0.8782287973161129
Glycerophospholipids [GP]		5	1	2.892857142857143	3.1071428571428568	0.24242424242424238	0.8782287973161129
