category	significant	up	down	expected_up	expected_down	raw_p_value	corr_p_value
Fatty Acyls [FA]		12	5	9.0	8.0	0.4812658187035515	1.0
Prenol Lipids [PR]		0	3	1.5882352941176472	1.4117647058823528	0.4000000000000001	1.0
Sterol Lipids [ST]		1	1	1.0588235294117647	0.9411764705882353	1.0	1.0
Glycerophospholipids [GP]		14	14	14.823529411764707	13.176470588235293	1.0	1.0
Sphingolipids [SP]		5	4	4.764705882352941	4.235294117647059	1.0	1.0
Polyketides [PK]		0	1	0.5294117647058824	0.47058823529411764	1.0	1.0
Glycerolipids [GL]		4	4	4.235294117647059	3.764705882352941	1.0	1.0
