category	significant	up	down	expected_up	expected_down	raw_p_value	corr_p_value
Fatty Acyls [FA]		10	7	10.5	6.5	1.0	1.0
Prenol Lipids [PR]		2	1	1.8529411764705883	1.1470588235294117	1.0	1.0
Sterol Lipids [ST]		1	1	1.2352941176470589	0.7647058823529411	1.0	1.0
Glycerophospholipids [GP]		20	8	17.294117647058826	10.705882352941176	0.5731132360103862	1.0
Sphingolipids [SP]		4	5	5.5588235294117645	3.441176470588235	0.6371863430686959	1.0
Polyketides [PK]		1	0	0.6176470588235294	0.38235294117647056	1.0	1.0
Glycerolipids [GL]		4	4	4.9411764705882355	3.0588235294117645	1.0	1.0
