category	significant	up	down	expected_up	expected_down	raw_p_value	corr_p_value
Polyketides [PK]		1	2	0.9545454545454546	2.045454545454546	1.0	1.0
Glycerophospholipids [GP]		2	10	3.8181818181818183	8.181818181818183	0.6404053612291598	1.0
Prenol Lipids [PR]		0	1	0.3181818181818182	0.6818181818181819	1.0	1.0
Sphingolipids [SP]		4	1	1.5909090909090908	3.409090909090909	0.2063492063492063	1.0
Sterol Lipids [ST]		0	1	0.3181818181818182	0.6818181818181819	1.0	1.0
