category	significant	up	down	expected_up	expected_down	raw_p_value	corr_p_value
Fatty Acyls [FA]		16	10	14.625	11.375	0.7793491166419244	1.0
Sphingolipids [SP]		6	5	6.1875	4.8125	1.0	1.0
Prenol Lipids [PR]		5	2	3.9375	3.0625	0.5920745920745921	1.0
Polyketides [PK]		1	5	3.375	2.625	0.24242424242424238	1.0
Glycerophospholipids [GP]		11	8	10.6875	8.3125	1.0	1.0
Sterol Lipids [ST]		4	4	4.5	3.5	1.0	1.0
Glycerolipids [GL]		2	1	1.6875	1.3125	1.0	1.0
