category	significant	up	down	expected_up	expected_down	raw_p_value	corr_p_value
Polyketides [PK]		0	3	0.8181818181818181	2.1818181818181817	1.0	1.0
Glycerophospholipids [GP]		2	10	3.2727272727272725	8.727272727272727	0.6404053612291598	1.0
Prenol Lipids [PR]		1	0	0.2727272727272727	0.7272727272727273	1.0	1.0
Sphingolipids [SP]		3	2	1.3636363636363635	3.6363636363636367	0.5238095238095237	1.0
Sterol Lipids [ST]		0	1	0.2727272727272727	0.7272727272727273	1.0	1.0
