category	significant	up	down	expected_up	expected_down	raw_p_value	corr_p_value
Fatty Acyls [FA]		20	23	24.445205479452056	18.554794520547944	0.38796725331598525	0.7000000000000002
Sphingolipids [SP]		13	8	11.938356164383563	9.061643835616437	0.7557377774421101	1.0
Prenol Lipids [PR]		22	2	13.643835616438357	10.356164383561643	0.007840548336076994	0.05488383835253896
Polyketides [PK]		3	14	9.664383561643836	7.335616438356164	0.032361238735470976	0.11326433557414842
Glycerophospholipids [GP]		16	11	15.349315068493151	11.650684931506849	1.0	1.0
Sterol Lipids [ST]		6	5	6.253424657534247	4.746575342465753	1.0	1.0
Glycerolipids [GL]		3	0	1.7054794520547947	1.2945205479452053	0.4000000000000001	0.7000000000000002
