category	significant	up	down	expected_up	expected_down	raw_p_value	corr_p_value
Fatty Acyls [FA]		4	39	11.191780821917808	31.808219178082194	0.050108246613880254	0.1753788631485809
Sphingolipids [SP]		9	12	5.465753424657534	15.534246575342467	0.326423631912115	0.5576499140459095
Prenol Lipids [PR]		16	8	6.2465753424657535	17.753424657534246	0.008414732191161508	0.05890312533813056
Polyketides [PK]		2	15	4.424657534246575	12.575342465753426	0.39832136717564964	0.5576499140459095
Glycerophospholipids [GP]		4	23	7.027397260273972	19.972602739726028	0.32653468060550517	0.5576499140459095
Sterol Lipids [ST]		3	8	2.863013698630137	8.136986301369864	1.0	1.0
Glycerolipids [GL]		0	3	0.7808219178082192	2.219178082191781	1.0	1.0
