category	significant	up	down	expected_up	expected_down	raw_p_value	corr_p_value
Fatty Acyls [FA]		8	9	6.75	10.250000000000002	0.7282820955113842	1.0
Prenol Lipids [PR]		0	3	1.1911764705882353	1.808823529411765	0.4000000000000001	1.0
Sterol Lipids [ST]		2	0	0.7941176470588235	1.2058823529411766	0.3333333333333333	1.0
Glycerophospholipids [GP]		10	18	11.117647058823529	16.88235294117647	0.7847735528976196	1.0
Sphingolipids [SP]		4	5	3.5735294117647056	5.426470588235295	1.0	1.0
Polyketides [PK]		0	1	0.39705882352941174	0.6029411764705883	1.0	1.0
Glycerolipids [GL]		3	5	3.176470588235294	4.8235294117647065	1.0	1.0
