category	significant	up	down	expected_up	expected_down	raw_p_value	corr_p_value
Fatty Acyls [FA]		8	9	5.75	11.25	0.48126581870355145	1.0
Prenol Lipids [PR]		0	3	1.0147058823529411	1.9852941176470589	0.4000000000000001	1.0
Sterol Lipids [ST]		1	1	0.6764705882352942	1.3235294117647058	1.0	1.0
Glycerophospholipids [GP]		9	19	9.470588235294118	18.52941176470588	1.0	1.0
Sphingolipids [SP]		3	6	3.044117647058824	5.955882352941177	1.0	1.0
Polyketides [PK]		0	1	0.3382352941176471	0.6617647058823529	1.0	1.0
Glycerolipids [GL]		2	6	2.7058823529411766	5.294117647058823	1.0	1.0
