category	significant	up	down	expected_up	expected_down	raw_p_value	corr_p_value
Fatty Acyls [FA]		7	10	5.0	11.999999999999998	0.7206815946865278	1.0
Prenol Lipids [PR]		1	2	0.8823529411764706	2.117647058823529	1.0	1.0
Sterol Lipids [ST]		0	2	0.5882352941176471	1.4117647058823528	1.0	1.0
Glycerophospholipids [GP]		7	21	8.23529411764706	19.76470588235294	0.7680537861294819	1.0
Sphingolipids [SP]		3	6	2.6470588235294117	6.352941176470588	1.0	1.0
Polyketides [PK]		0	1	0.29411764705882354	0.7058823529411764	1.0	1.0
Glycerolipids [GL]		2	6	2.3529411764705883	5.647058823529411	1.0	1.0
