category	significant	up	down	expected_up	expected_down	raw_p_value	corr_p_value
Fatty Acyls [FA]		6	11	7.75	9.250000000000002	0.7282820955113841	1.0
Prenol Lipids [PR]		2	1	1.3676470588235294	1.6323529411764708	1.0	1.0
Sterol Lipids [ST]		0	2	0.9117647058823529	1.0882352941176472	1.0	1.0
Glycerophospholipids [GP]		16	12	12.76470588235294	15.235294117647062	0.42301597530269575	1.0
Sphingolipids [SP]		5	4	4.102941176470588	4.897058823529412	1.0	1.0
Polyketides [PK]		0	1	0.45588235294117646	0.5441176470588236	1.0	1.0
Glycerolipids [GL]		2	6	3.6470588235294117	4.352941176470589	0.6083916083916083	1.0
