category	significant	up	down	expected_up	expected_down	raw_p_value	corr_p_value
Polyketides [PK]		2	1	0.9545454545454546	2.045454545454546	0.4000000000000001	0.8730158730158729
Glycerophospholipids [GP]		1	11	3.8181818181818183	8.181818181818183	0.3167701863354037	0.8730158730158729
Prenol Lipids [PR]		0	1	0.3181818181818182	0.6818181818181819	1.0	1.0
Sphingolipids [SP]		3	2	1.5909090909090908	3.409090909090909	0.5238095238095237	0.8730158730158729
Sterol Lipids [ST]		1	0	0.3181818181818182	0.6818181818181819	1.0	1.0
