category	significant	up	down	expected_up	expected_down	raw_p_value	corr_p_value
Fatty Acyls [FA]		20	16	17.10891089108911	18.89108910891089	0.6375661455847987	1.0
Sphingolipids [SP]		7	4	5.227722772277227	5.772277227722773	0.6699214098594904	1.0
Prenol Lipids [PR]		4	3	3.3267326732673266	3.6732673267326734	1.0	1.0
Polyketides [PK]		2	8	4.752475247524752	5.247524752475248	0.3498452012383901	1.0
Glycerolipids [GL]		3	4	3.3267326732673266	3.6732673267326734	1.0	1.0
Glycerophospholipids [GP]		7	9	7.603960396039604	8.396039603960396	1.0	1.0
Sterol Lipids [ST]		5	9	6.653465346534653	7.346534653465347	0.7035671018979675	1.0
