category	significant	up	down	expected_up	expected_down	raw_p_value	corr_p_value
Fatty Acyls [FA]		21	14	16.50943396226415	18.49056603773585	0.33829933436767495	0.9378899738032866
Sphingolipids [SP]		7	4	5.188679245283019	5.811320754716981	0.6699214098594904	0.9378899738032866
Prenol Lipids [PR]		2	5	3.30188679245283	3.69811320754717	0.5920745920745922	0.9378899738032866
Polyketides [PK]		4	7	5.188679245283019	5.811320754716981	0.6699214098594903	0.9378899738032866
Glycerophospholipids [GP]		8	11	8.962264150943396	10.037735849056604	1.0	1.0
Glycerolipids [GL]		2	9	5.188679245283019	5.811320754716981	0.1826625386996904	0.9378899738032866
Sterol Lipids [ST]		6	6	5.660377358490566	6.339622641509434	1.0	1.0
