category	significant	up	down	expected_up	expected_down	raw_p_value	corr_p_value
Fatty Acyls [FA]		11	24	14.528301886792454	20.471698113207548	0.45841520301204697	1.0
Sphingolipids [SP]		6	5	4.566037735849057	6.433962264150943	0.6699214098594903	1.0
Prenol Lipids [PR]		3	4	2.905660377358491	4.09433962264151	1.0	1.0
Polyketides [PK]		9	2	4.566037735849057	6.433962264150943	0.08049535603715172	0.5634674922600621
Glycerophospholipids [GP]		9	10	7.886792452830189	11.11320754716981	0.7431364526978009	1.0
Glycerolipids [GL]		2	9	4.566037735849057	6.433962264150943	0.3614551083591331	1.0
Sterol Lipids [ST]		4	8	4.981132075471699	7.018867924528301	1.0	1.0
