category	significant	up	down	expected_up	expected_down	raw_p_value	corr_p_value
Fatty Acyls [FA]		25	26	28.294520547945204	22.705479452054796	0.5520007558233022	0.5520007558233022
Polyketides [PK]		8	21	16.089041095890412	12.91095890410959	0.032954247631794685	0.23067973342256282
Glycerolipids [GL]		3	7	5.5479452054794525	4.4520547945205475	0.36984996427720884	0.5000000000000001
Sterol Lipids [ST]		12	3	8.321917808219178	6.678082191780822	0.2450774612693653	0.5000000000000001
Prenol Lipids [PR]		3	0	1.6643835616438356	1.3356164383561644	0.4000000000000001	0.5000000000000001
Sphingolipids [SP]		4	0	2.219178082191781	1.7808219178082192	0.4285714285714286	0.5000000000000001
Glycerophospholipids [GP]		26	8	18.863013698630137	15.136986301369863	0.07464458106908796	0.2612560337418079
