category	significant	up	down	expected_up	expected_down	raw_p_value	corr_p_value
Fatty Acyls [FA]		23	13	17.10891089108911	18.89108910891089	0.23550480416281694	0.7701245868293923
Sphingolipids [SP]		7	4	5.227722772277227	5.772277227722773	0.6699214098594904	0.7815749781694056
Prenol Lipids [PR]		5	2	3.3267326732673266	3.6732673267326734	0.5920745920745921	0.7815749781694056
Polyketides [PK]		2	8	4.752475247524752	5.247524752475248	0.3498452012383901	0.7701245868293923
Glycerolipids [GL]		3	4	3.3267326732673266	3.6732673267326734	1.0	1.0
Glycerophospholipids [GP]		4	12	7.603960396039604	8.396039603960396	0.27336976672953844	0.7701245868293923
Sterol Lipids [ST]		4	10	6.653465346534653	7.346534653465347	0.44007119247393844	0.7701245868293923
