category	significant	up	down	expected_up	expected_down	raw_p_value	corr_p_value
Fatty Acyls [FA]		17	8	18.560606060606062	6.4393939393939394	0.7536135200416343	1.0
Polyketides [PK]		9	5	10.393939393939394	3.606060606060606	0.6776167471819646	1.0
Glycerolipids [GL]		4	0	2.9696969696969697	1.0303030303030303	0.4285714285714286	1.0
Prenol Lipids [PR]		2	0	1.4848484848484849	0.5151515151515151	1.0	1.0
Sphingolipids [SP]		1	1	1.4848484848484849	0.5151515151515151	1.0	1.0
Sterol Lipids [ST]		6	2	5.9393939393939394	2.0606060606060606	1.0	1.0
Glycerophospholipids [GP]		10	1	8.166666666666666	2.833333333333333	0.5864661654135339	1.0
