category	significant	up	down	expected_up	expected_down	raw_p_value	corr_p_value
Fatty Acyls [FA]		21	14	19.150943396226413	15.849056603773585	0.8094026104858341	1.0
Sphingolipids [SP]		5	6	6.018867924528302	4.981132075471698	0.6699214098594903	1.0
Prenol Lipids [PR]		2	5	3.830188679245283	3.169811320754717	0.5920745920745922	1.0
Polyketides [PK]		7	4	6.018867924528302	4.981132075471698	1.0	1.0
Glycerophospholipids [GP]		11	8	10.39622641509434	8.60377358490566	1.0	1.0
Glycerolipids [GL]		5	6	6.018867924528302	4.981132075471698	0.6699214098594903	1.0
Sterol Lipids [ST]		7	5	6.566037735849056	5.433962264150944	1.0	1.0
