category	significant	up	down	expected_up	expected_down	raw_p_value	corr_p_value
Fatty Acyls [FA]		14	13	15.428571428571427	11.571428571428573	0.7845531469098037	1.0
Polyketides [PK]		11	7	10.285714285714285	7.714285714285715	1.0	1.0
Glycerolipids [GL]		3	1	2.2857142857142856	1.7142857142857144	1.0	1.0
Prenol Lipids [PR]		0	2	1.1428571428571428	0.8571428571428572	0.3333333333333333	1.0
Sphingolipids [SP]		0	2	1.1428571428571428	0.8571428571428572	0.3333333333333333	1.0
Sterol Lipids [ST]		6	2	4.571428571428571	3.428571428571429	0.6083916083916084	1.0
Glycerophospholipids [GP]		6	3	5.142857142857142	3.8571428571428577	1.0	1.0
