category	significant	up	down	expected_up	expected_down	raw_p_value	corr_p_value
Fatty Acyls [FA]		15	12	14.657142857142857	12.342857142857143	1.0	1.0
Polyketides [PK]		12	6	9.77142857142857	8.22857142857143	0.49979203946413886	1.0
Glycerolipids [GL]		2	2	2.1714285714285713	1.8285714285714287	1.0	1.0
Prenol Lipids [PR]		2	0	1.0857142857142856	0.9142857142857144	1.0	1.0
Sphingolipids [SP]		1	1	1.0857142857142856	0.9142857142857144	1.0	1.0
Sterol Lipids [ST]		2	6	4.3428571428571425	3.6571428571428575	0.3146853146853147	1.0
Glycerophospholipids [GP]		4	5	4.885714285714285	4.114285714285715	1.0	1.0
