category	significant	up	down	expected_up	expected_down	raw_p_value	corr_p_value
Fatty Acyls [FA]		13	12	14.015151515151514	10.984848484848486	0.7761300719244988	1.0
Polyketides [PK]		7	7	7.848484848484848	6.151515151515152	1.0	1.0
Glycerolipids [GL]		3	1	2.242424242424242	1.7575757575757578	1.0	1.0
Prenol Lipids [PR]		1	1	1.121212121212121	0.8787878787878789	1.0	1.0
Sphingolipids [SP]		2	0	1.121212121212121	0.8787878787878789	1.0	1.0
Sterol Lipids [ST]		6	2	4.484848484848484	3.5151515151515156	0.6083916083916084	1.0
Glycerophospholipids [GP]		5	6	6.166666666666666	4.833333333333334	0.6699214098594903	1.0
