category	significant	up	down	expected_up	expected_down	raw_p_value	corr_p_value
Fatty Acyls [FA]		14	22	17.821782178217823	18.178217821782177	0.4770866211047763	0.690753690753691
Sphingolipids [SP]		3	8	5.445544554455445	5.554455445544555	0.38699690402476783	0.690753690753691
Prenol Lipids [PR]		2	5	3.4653465346534653	3.5346534653465347	0.5920745920745922	0.690753690753691
Polyketides [PK]		10	0	4.9504950495049505	5.0495049504950495	0.0108359133126935	0.0758513931888545
Glycerolipids [GL]		2	5	3.4653465346534653	3.5346534653465347	0.5920745920745922	0.690753690753691
Glycerophospholipids [GP]		13	3	7.920792079207921	8.07920792079208	0.0658928600216021	0.23062501007560737
Sterol Lipids [ST]		6	8	6.930693069306931	7.069306930693069	1.0	1.0
