category	significant	up	down	expected_up	expected_down	raw_p_value	corr_p_value
Fatty Acyls [FA]		9	16	8.333333333333332	16.666666666666668	1.0	1.0
Polyketides [PK]		7	7	4.666666666666666	9.333333333333334	0.4400711924739386	1.0
Glycerolipids [GL]		1	3	1.3333333333333333	2.666666666666667	1.0	1.0
Prenol Lipids [PR]		1	1	0.6666666666666666	1.3333333333333335	1.0	1.0
Sphingolipids [SP]		1	1	0.6666666666666666	1.3333333333333335	1.0	1.0
Sterol Lipids [ST]		2	6	2.6666666666666665	5.333333333333334	1.0	1.0
Glycerophospholipids [GP]		1	10	3.6666666666666665	7.333333333333334	0.3107769423558897	1.0
