category	significant	up	down	expected_up	expected_down	raw_p_value	corr_p_value
Fatty Acyls [FA]		12	23	16.17924528301887	18.82075471698113	0.33187776554503934	0.7743814529384252
Sphingolipids [SP]		2	9	5.084905660377359	5.915094339622641	0.1826625386996904	0.6697442473183636
Prenol Lipids [PR]		4	3	3.2358490566037736	3.7641509433962264	1.0	1.0
Polyketides [PK]		7	4	5.084905660377359	5.915094339622641	0.6699214098594904	1.0
Glycerophospholipids [GP]		13	6	8.783018867924529	10.216981132075471	0.19135549923381814	0.6697442473183636
Glycerolipids [GL]		6	5	5.084905660377359	5.915094339622641	1.0	1.0
Sterol Lipids [ST]		5	7	5.547169811320755	6.452830188679245	1.0	1.0
