category	significant	up	down	expected_up	expected_down	raw_p_value	corr_p_value
Fatty Acyls [FA]		27	24	22.006849315068493	28.99315068493151	0.4281051732654176	0.5666666666666667
Polyketides [PK]		16	13	12.513698630136986	16.486301369863014	0.4308539609661818	0.5666666666666667
Glycerolipids [GL]		2	8	4.315068493150685	5.684931506849315	0.3498452012383901	0.5666666666666667
Sterol Lipids [ST]		5	10	6.472602739726027	8.527397260273974	0.7103816512796235	0.7103816512796235
Prenol Lipids [PR]		3	0	1.2945205479452055	1.7054794520547947	0.4000000000000001	0.5666666666666667
Sphingolipids [SP]		3	1	1.726027397260274	2.2739726027397262	0.48571428571428565	0.5666666666666667
Glycerophospholipids [GP]		7	27	14.67123287671233	19.328767123287673	0.06839250604147401	0.4787475422903181
