category	significant	up	down	expected_up	expected_down	raw_p_value	corr_p_value
Fatty Acyls [FA]		6	57	13.695652173913043	49.30434782608696	0.08611866595144638	0.30141533083006233
Sphingolipids [SP]		4	12	3.4782608695652173	12.521739130434783	1.0	1.0
Prenol Lipids [PR]		1	7	1.7391304347826086	6.260869565217392	1.0	1.0
Polyketides [PK]		9	9	3.9130434782608696	14.08695652173913	0.07503575401239472	0.30141533083006233
Glycerolipids [GL]		1	10	2.391304347826087	8.608695652173914	0.5864661654135338	1.0
Glycerophospholipids [GP]		7	16	5.0	18.0	0.7381101246104084	1.0
Sterol Lipids [ST]		7	15	4.782608695652174	17.217391304347828	0.48760676554210314	1.0
