category	significant	up	down	expected_up	expected_down	raw_p_value	corr_p_value
Fatty Acyls [FA]		6	30	14.257425742574258	21.74257425742574	0.036695154043532616	0.12843303915236418
Sphingolipids [SP]		1	10	4.356435643564357	6.643564356435643	0.1486068111455108	0.27232358636754067
Prenol Lipids [PR]		3	4	2.7722772277227725	4.227722772277228	1.0	1.0
Polyketides [PK]		9	1	3.9603960396039604	6.03960396039604	0.01976661109788045	0.12843303915236418
Glycerolipids [GL]		5	2	2.7722772277227725	4.227722772277228	0.28613053613053613	0.40058275058275056
Glycerophospholipids [GP]		11	5	6.336633663366337	9.663366336633663	0.15561347792430893	0.27232358636754067
Sterol Lipids [ST]		5	9	5.544554455445545	8.455445544554456	1.0	1.0
