category	significant	up	down	expected_up	expected_down	raw_p_value	corr_p_value
Fatty Acyls [FA]		18	7	13.636363636363635	11.363636363636365	0.24363423156582786	1.0
Polyketides [PK]		5	9	7.636363636363636	6.363636363636364	0.449481760667654	1.0
Glycerolipids [GL]		1	3	2.1818181818181817	1.8181818181818183	0.48571428571428565	1.0
Prenol Lipids [PR]		2	0	1.0909090909090908	0.9090909090909092	1.0	1.0
Sphingolipids [SP]		1	1	1.0909090909090908	0.9090909090909092	1.0	1.0
Sterol Lipids [ST]		4	4	4.363636363636363	3.6363636363636367	1.0	1.0
Glycerophospholipids [GP]		5	6	6.0	5.0	1.0	1.0
