category	significant	up	down	expected_up	expected_down	raw_p_value	corr_p_value
Fatty Acyls [FA]		11	24	13.537735849056604	21.462264150943394	0.6183462840017782	1.0
Sphingolipids [SP]		3	8	4.254716981132075	6.745283018867925	0.6594427244582043	1.0
Prenol Lipids [PR]		3	4	2.707547169811321	4.2924528301886795	1.0	1.0
Polyketides [PK]		9	2	4.254716981132075	6.745283018867925	0.08049535603715172	0.5634674922600621
Glycerophospholipids [GP]		7	12	7.349056603773585	11.650943396226415	1.0	1.0
Glycerolipids [GL]		3	8	4.254716981132075	6.745283018867925	0.6594427244582043	1.0
Sterol Lipids [ST]		5	7	4.6415094339622645	7.3584905660377355	1.0	1.0
