category	significant	up	down	expected_up	expected_down	raw_p_value	corr_p_value
Fatty Acyls [FA]		37	26	36.78260869565217	26.217391304347828	1.0	1.0
Sphingolipids [SP]		11	5	9.341614906832298	6.658385093167702	0.7159871677064693	1.0
Prenol Lipids [PR]		6	2	4.670807453416149	3.329192546583851	0.6083916083916084	1.0
Polyketides [PK]		15	3	10.509316770186334	7.490683229813665	0.14635309073573816	0.5122358175750836
Glycerolipids [GL]		5	6	6.422360248447205	4.577639751552795	0.6699214098594903	1.0
Glycerophospholipids [GP]		8	15	13.428571428571429	9.571428571428571	0.13924372537402585	0.5122358175750836
Sterol Lipids [ST]		12	10	12.84472049689441	9.15527950310559	1.0	1.0
