category	significant	up	down	expected_up	expected_down	raw_p_value	corr_p_value
Fatty Acyls [FA]		22	29	19.910958904109588	31.089041095890412	0.6865428867800911	0.8287785931595605
Polyketides [PK]		14	15	11.321917808219178	17.67808219178082	0.5963899004237302	0.8287785931595605
Glycerolipids [GL]		4	6	3.904109589041096	6.095890410958904	1.0	1.0
Sterol Lipids [ST]		7	8	5.856164383561644	9.143835616438356	0.7103816512796233	0.8287785931595605
Prenol Lipids [PR]		0	3	1.1712328767123288	1.8287671232876712	0.4000000000000001	0.8287785931595605
Sphingolipids [SP]		0	4	1.5616438356164384	2.4383561643835616	0.4285714285714286	0.8287785931595605
Glycerophospholipids [GP]		10	24	13.273972602739725	20.726027397260275	0.4469001651807862	0.8287785931595605
