category	significant	up	down	expected_up	expected_down	raw_p_value	corr_p_value
Fatty Acyls [FA]		31	20	34.58219178082192	16.41780821917808	0.5345343525942784	0.6589420813336826
Polyketides [PK]		22	7	19.664383561643838	9.335616438356164	0.5648074982860136	0.6589420813336826
Glycerolipids [GL]		4	6	6.78082191780822	3.2191780821917804	0.36984996427720884	0.6589420813336826
Sterol Lipids [ST]		8	7	10.17123287671233	4.828767123287671	0.4497251374312843	0.6589420813336826
Prenol Lipids [PR]		2	1	2.0342465753424657	0.9657534246575341	1.0	1.0
Sphingolipids [SP]		4	0	2.712328767123288	1.2876712328767121	0.4285714285714286	0.6589420813336826
Glycerophospholipids [GP]		28	6	23.054794520547947	10.945205479452053	0.26243432998505933	0.6589420813336826
