category	significant	up	down	expected_up	expected_down	raw_p_value	corr_p_value
Fatty Acyls [FA]		12	24	15.683168316831683	20.316831683168317	0.4686643074980087	1.0
Sphingolipids [SP]		6	5	4.792079207920792	6.207920792079209	0.6699214098594903	1.0
Prenol Lipids [PR]		2	5	3.0495049504950495	3.950495049504951	0.5920745920745922	1.0
Polyketides [PK]		4	6	4.356435643564357	5.643564356435644	1.0	1.0
Glycerolipids [GL]		3	4	3.0495049504950495	3.950495049504951	1.0	1.0
Glycerophospholipids [GP]		6	10	6.97029702970297	9.02970297029703	1.0	1.0
Sterol Lipids [ST]		11	3	6.099009900990099	7.900990099009902	0.12011187388761763	0.8407831172133234
