category	significant	up	down	expected_up	expected_down	raw_p_value	corr_p_value
Fatty Acyls [FA]		16	47	28.956521739130434	34.04347826086957	0.02514756070470487	0.1239525398591027
Sphingolipids [SP]		5	11	7.354037267080745	8.645962732919255	0.4725475971691574	0.8269582950460255
Prenol Lipids [PR]		4	4	3.6770186335403725	4.3229813664596275	1.0	1.0
Polyketides [PK]		15	3	8.273291925465838	9.726708074534162	0.03541501138831506	0.1239525398591027
Glycerolipids [GL]		5	6	5.055900621118012	5.944099378881988	1.0	1.0
Glycerophospholipids [GP]		17	6	10.571428571428571	12.428571428571429	0.07115123119652006	0.1660195394585468
Sterol Lipids [ST]		12	10	10.111801242236025	11.888198757763975	0.7634929177740797	1.0
