category	significant	up	down	expected_up	expected_down	raw_p_value	corr_p_value
Fatty Acyls [FA]		14	22	16.752475247524753	19.24752475247525	0.6344326729288158	0.9889463812985149
Sphingolipids [SP]		7	4	5.118811881188119	5.881188118811881	0.6699214098594904	0.9889463812985149
Prenol Lipids [PR]		5	2	3.2574257425742577	3.742574257425743	0.5920745920745921	0.9889463812985149
Polyketides [PK]		5	5	4.653465346534654	5.346534653465347	1.0	1.0
Glycerolipids [GL]		1	6	3.2574257425742577	3.742574257425743	0.26573426573426573	0.9889463812985149
Glycerophospholipids [GP]		7	9	7.445544554455446	8.554455445544555	1.0	1.0
Sterol Lipids [ST]		8	6	6.514851485148515	7.485148514851486	0.7063902723560821	0.9889463812985149
