category	significant	up	down	expected_up	expected_down	raw_p_value	corr_p_value
Fatty Acyls [FA]		22	13	18.160377358490567	16.839622641509433	0.46905012921053757	0.8208377261184407
Sphingolipids [SP]		6	5	5.7075471698113205	5.2924528301886795	1.0	1.0
Prenol Lipids [PR]		6	1	3.632075471698113	3.367924528301887	0.26573426573426573	0.8208377261184407
Polyketides [PK]		2	9	5.7075471698113205	5.2924528301886795	0.1826625386996904	0.8208377261184407
Glycerophospholipids [GP]		9	10	9.858490566037736	9.141509433962264	1.0	1.0
Glycerolipids [GL]		6	5	5.7075471698113205	5.2924528301886795	1.0	1.0
Sterol Lipids [ST]		4	8	6.226415094339623	5.773584905660377	0.41364921254543013	0.8208377261184407
