category	significant	up	down	expected_up	expected_down	raw_p_value	corr_p_value
Fatty Acyls [FA]		26	25	29.691780821917806	21.308219178082194	0.5507736168911441	0.8287785931595605
Polyketides [PK]		11	18	16.883561643835616	12.116438356164384	0.18851036012089956	0.6597862604231485
Glycerolipids [GL]		7	3	5.821917808219178	4.178082191780822	0.6499166468206716	0.8287785931595605
Sterol Lipids [ST]		10	5	8.732876712328768	6.267123287671233	0.7103816512796233	0.8287785931595605
Prenol Lipids [PR]		1	2	1.7465753424657535	1.2534246575342465	1.0	1.0
Sphingolipids [SP]		4	0	2.328767123287671	1.6712328767123288	0.4285714285714286	0.8287785931595605
Glycerophospholipids [GP]		26	8	19.794520547945204	14.205479452054794	0.12319965725757032	0.6597862604231485
