category	significant	up	down	expected_up	expected_down	raw_p_value	corr_p_value
Fatty Acyls [FA]		34	17	29.342465753424655	21.657534246575345	0.41526521604030064	0.7267141280705262
Polyketides [PK]		11	18	16.684931506849313	12.315068493150687	0.18851036012089956	0.47629116322287324
Glycerolipids [GL]		6	4	5.7534246575342465	4.2465753424657535	1.0	1.0
Sterol Lipids [ST]		4	11	8.63013698630137	6.36986301369863	0.13941976380230942	0.47629116322287324
Prenol Lipids [PR]		1	2	1.7260273972602738	1.2739726027397262	1.0	1.0
Sphingolipids [SP]		3	1	2.3013698630136985	1.6986301369863015	1.0	1.0
Glycerophospholipids [GP]		25	9	19.561643835616437	14.438356164383563	0.20412478423837424	0.47629116322287324
