category	significant	up	down	expected_up	expected_down	raw_p_value	corr_p_value
Fatty Acyls [FA]		11	52	20.73913043478261	42.26086956521739	0.06450814374818355	0.22577850311864242
Sphingolipids [SP]		4	12	5.267080745341615	10.732919254658384	0.7042511002563236	0.9859515403588531
Prenol Lipids [PR]		3	5	2.6335403726708075	5.366459627329192	1.0	1.0
Polyketides [PK]		13	5	5.925465838509317	12.074534161490682	0.018393954743572805	0.12875768320500963
Glycerolipids [GL]		2	9	3.6211180124223605	7.378881987577639	0.6351172047766475	0.9859515403588531
Glycerophospholipids [GP]		12	11	7.571428571428572	15.428571428571427	0.23073317825967302	0.538377415939237
Sterol Lipids [ST]		8	14	7.242236024844721	14.757763975155278	1.0	1.0
