category	significant	up	down	expected_up	expected_down	raw_p_value	corr_p_value
Fatty Acyls [FA]		15	12	14.271428571428572	12.728571428571428	1.0	1.0
Polyketides [PK]		5	13	9.514285714285714	8.485714285714286	0.17558317615385854	0.9871794871794872
Glycerolipids [GL]		1	3	2.1142857142857143	1.8857142857142857	0.48571428571428565	1.0
Prenol Lipids [PR]		2	0	1.0571428571428572	0.9428571428571428	1.0	1.0
Sphingolipids [SP]		2	0	1.0571428571428572	0.9428571428571428	1.0	1.0
Sterol Lipids [ST]		7	1	4.228571428571429	3.7714285714285714	0.28205128205128205	0.9871794871794872
Glycerophospholipids [GP]		5	4	4.757142857142857	4.242857142857143	1.0	1.0
