category	significant	up	down	expected_up	expected_down	raw_p_value	corr_p_value
Fatty Acyls [FA]		15	12	14.271428571428572	12.728571428571428	1.0	1.0
Polyketides [PK]		8	10	9.514285714285714	8.485714285714286	0.7395185502082817	1.0
Glycerolipids [GL]		2	2	2.1142857142857143	1.8857142857142857	1.0	1.0
Prenol Lipids [PR]		2	0	1.0571428571428572	0.9428571428571428	1.0	1.0
Sphingolipids [SP]		0	2	1.0571428571428572	0.9428571428571428	0.3333333333333333	1.0
Sterol Lipids [ST]		4	4	4.228571428571429	3.7714285714285714	1.0	1.0
Glycerophospholipids [GP]		6	3	4.757142857142857	4.242857142857143	0.637186343068696	1.0
