category	significant	up	down	expected_up	expected_down	raw_p_value	corr_p_value
Fatty Acyls [FA]		18	9	19.67142857142857	7.328571428571429	0.7663545464674273	1.0
Polyketides [PK]		12	6	13.114285714285714	4.885714285714286	0.7111942562443119	1.0
Glycerolipids [GL]		4	0	2.914285714285714	1.0857142857142859	0.4285714285714286	1.0
Prenol Lipids [PR]		2	0	1.457142857142857	0.5428571428571429	1.0	1.0
Sphingolipids [SP]		2	0	1.457142857142857	0.5428571428571429	1.0	1.0
Sterol Lipids [ST]		6	2	5.828571428571428	2.1714285714285717	1.0	1.0
Glycerophospholipids [GP]		7	2	6.557142857142857	2.442857142857143	1.0	1.0
