category	significant	up	down	expected_up	expected_down	raw_p_value	corr_p_value
Fatty Acyls [FA]		23	12	22.12264150943396	12.877358490566039	1.0	1.0
Sphingolipids [SP]		8	3	6.952830188679245	4.047169811320755	0.6594427244582045	0.9378899738032864
Prenol Lipids [PR]		5	2	4.4245283018867925	2.5754716981132075	1.0	1.0
Polyketides [PK]		9	2	6.952830188679245	4.047169811320755	0.3614551083591332	0.9378899738032864
Glycerophospholipids [GP]		8	11	12.00943396226415	6.990566037735849	0.19135549923381812	0.9378899738032864
Glycerolipids [GL]		5	6	6.952830188679245	4.047169811320755	0.6699214098594903	0.9378899738032864
Sterol Lipids [ST]		9	3	7.584905660377358	4.415094339622642	0.6668461434917217	0.9378899738032864
