category	significant	up	down	expected_up	expected_down	raw_p_value	corr_p_value
Fatty Acyls [FA]		19	32	16.767123287671232	34.23287671232877	0.6769150658955924	0.7897342435448578
Polyketides [PK]		16	13	9.534246575342465	19.465753424657535	0.11084391597107482	0.3879537058987619
Glycerolipids [GL]		1	9	3.287671232876712	6.712328767123288	0.30340557275541796	0.6799999999999999
Sterol Lipids [ST]		5	10	4.931506849315069	10.068493150684931	1.0	1.0
Prenol Lipids [PR]		2	1	0.9863013698630136	2.0136986301369864	0.4000000000000001	0.6799999999999999
Sphingolipids [SP]		3	1	1.3150684931506849	2.684931506849315	0.48571428571428565	0.6799999999999999
Glycerophospholipids [GP]	*	2	32	11.17808219178082	22.82191780821918	0.005527196500206154	0.03869037550144308
