category	significant	up	down	expected_up	expected_down	raw_p_value	corr_p_value
Fatty Acyls [FA]		20	7	15.042857142857143	11.957142857142857	0.25418432160115717	1.0
Polyketides [PK]		7	11	10.028571428571428	7.9714285714285715	0.3175386015456982	1.0
Glycerolipids [GL]		1	3	2.2285714285714286	1.7714285714285714	0.48571428571428565	1.0
Prenol Lipids [PR]		2	0	1.1142857142857143	0.8857142857142857	1.0	1.0
Sphingolipids [SP]		1	1	1.1142857142857143	0.8857142857142857	1.0	1.0
Sterol Lipids [ST]		4	4	4.457142857142857	3.5428571428571427	1.0	1.0
Glycerophospholipids [GP]		4	5	5.014285714285714	3.9857142857142858	0.6371863430686959	1.0
