category	significant	up	down	expected_up	expected_down	raw_p_value	corr_p_value
Fatty Acyls [FA]		37	26	36.0	27.000000000000004	1.0	1.0
Sphingolipids [SP]		8	8	9.142857142857142	6.857142857142858	0.7223934721942933	1.0
Prenol Lipids [PR]		4	4	4.571428571428571	3.428571428571429	1.0	1.0
Polyketides [PK]		15	3	10.285714285714285	7.714285714285715	0.14635309073573816	1.0
Glycerolipids [GL]		5	6	6.285714285714286	4.714285714285714	0.6699214098594903	1.0
Glycerophospholipids [GP]		12	11	13.142857142857142	9.857142857142858	0.7666132967927298	1.0
Sterol Lipids [ST]		11	11	12.571428571428571	9.428571428571429	0.7625543976065164	1.0
