category	significant	up	down	expected_up	expected_down	raw_p_value	corr_p_value
Fatty Acyls [FA]		12	13	15.151515151515152	9.848484848484848	0.39306375055086396	0.7500000000000001
Polyketides [PK]		10	4	8.484848484848484	5.515151515151515	0.6945842868039667	0.9724180015255534
Glycerolipids [GL]		4	0	2.4242424242424243	1.5757575757575757	0.4285714285714286	0.7500000000000001
Prenol Lipids [PR]		0	2	1.2121212121212122	0.7878787878787878	0.3333333333333333	0.7500000000000001
Sphingolipids [SP]		1	1	1.2121212121212122	0.7878787878787878	1.0	1.0
Sterol Lipids [ST]		4	4	4.848484848484849	3.1515151515151514	1.0	1.0
Glycerophospholipids [GP]		9	2	6.666666666666667	4.333333333333333	0.3614551083591332	0.7500000000000001
