category	significant	up	down	expected_up	expected_down	raw_p_value	corr_p_value
Fatty Acyls [FA]		4	32	9.267326732673268	26.73267326732673	0.13478265872483308	0.9434786110738316
Sphingolipids [SP]		4	7	2.8316831683168315	8.168316831683168	0.6351172047766473	0.9859515403588528
Prenol Lipids [PR]		1	6	1.801980198019802	5.198019801980198	1.0	1.0
Polyketides [PK]		5	5	2.5742574257425743	7.425742574257425	0.3498452012383901	0.9859515403588528
Glycerolipids [GL]		1	6	1.801980198019802	5.198019801980198	1.0	1.0
Glycerophospholipids [GP]		6	10	4.118811881188119	11.881188118811881	0.7042511002563234	0.9859515403588528
Sterol Lipids [ST]		5	9	3.603960396039604	10.396039603960396	0.6776167471819647	0.9859515403588528
