category	significant	up	down	expected_up	expected_down	raw_p_value	corr_p_value
Fatty Acyls [FA]		8	19	9.642857142857142	17.357142857142854	0.7733709264533906	1.0
Polyketides [PK]		9	9	6.428571428571429	11.57142857142857	0.49979203946413897	1.0
Glycerolipids [GL]		2	2	1.4285714285714286	2.571428571428571	1.0	1.0
Prenol Lipids [PR]		0	2	0.7142857142857143	1.2857142857142856	1.0	1.0
Sphingolipids [SP]		0	2	0.7142857142857143	1.2857142857142856	1.0	1.0
Sterol Lipids [ST]		2	6	2.857142857142857	5.142857142857142	1.0	1.0
Glycerophospholipids [GP]		4	5	3.2142857142857144	5.785714285714285	1.0	1.0
