category	significant	up	down	expected_up	expected_down	raw_p_value	corr_p_value
Fatty Acyls [FA]		4	31	10.89622641509434	24.10377358490566	0.07836745449620885	0.5482298650151821
Sphingolipids [SP]		1	10	3.4245283018867925	7.575471698113207	0.3107769423558897	0.5482298650151821
Prenol Lipids [PR]		2	5	2.1792452830188678	4.820754716981131	1.0	1.0
Polyketides [PK]		7	4	3.4245283018867925	7.575471698113207	0.19838056680161945	0.5482298650151821
Glycerophospholipids [GP]		9	10	5.915094339622641	13.084905660377357	0.313274208580104	0.5482298650151821
Glycerolipids [GL]		4	7	3.4245283018867925	7.575471698113207	1.0	1.0
Sterol Lipids [ST]		6	6	3.735849056603773	8.264150943396226	0.40032305828509895	0.5604522815991385
