category	significant	up	down	expected_up	expected_down	raw_p_value	corr_p_value
Fatty Acyls [FA]		15	12	14.657142857142857	12.342857142857143	1.0	1.0
Polyketides [PK]		11	7	9.77142857142857	8.22857142857143	0.7379863063859775	1.0
Glycerolipids [GL]		3	1	2.1714285714285713	1.8285714285714287	1.0	1.0
Prenol Lipids [PR]		0	2	1.0857142857142856	0.9142857142857144	0.3333333333333333	1.0
Sphingolipids [SP]		1	1	1.0857142857142856	0.9142857142857144	1.0	1.0
Sterol Lipids [ST]		5	3	4.3428571428571425	3.6571428571428575	1.0	1.0
Glycerophospholipids [GP]		3	6	4.885714285714285	4.114285714285715	0.637186343068696	1.0
