category	significant	up	down	expected_up	expected_down	raw_p_value	corr_p_value
Fatty Acyls [FA]		7	28	9.90566037735849	25.094339622641513	0.5781115270188977	0.5781115270188977
Sphingolipids [SP]		0	11	3.1132075471698113	7.886792452830189	0.09022556390977444	0.5384615384615385
Prenol Lipids [PR]		0	7	1.9811320754716981	5.018867924528302	0.46153846153846156	0.5384615384615385
Polyketides [PK]		7	4	3.1132075471698113	7.886792452830189	0.19838056680161945	0.5384615384615385
Glycerophospholipids [GP]		9	10	5.377358490566038	13.622641509433963	0.313274208580104	0.5384615384615385
Glycerolipids [GL]		1	10	3.1132075471698113	7.886792452830189	0.3107769423558897	0.5384615384615385
Sterol Lipids [ST]		6	6	3.3962264150943398	8.60377358490566	0.40032305828509895	0.5384615384615385
