category	significant	up	down	expected_up	expected_down	raw_p_value	corr_p_value
Fatty Acyls [FA]		21	30	21.308219178082194	29.691780821917806	1.0	1.0
Polyketides [PK]		16	13	12.116438356164384	16.883561643835616	0.4308539609661818	0.85
Glycerolipids [GL]		8	2	4.178082191780822	5.821917808219178	0.1698023338890212	0.5943081686115742
Sterol Lipids [ST]		7	8	6.267123287671233	8.732876712328768	1.0	1.0
Prenol Lipids [PR]		1	2	1.2534246575342465	1.7465753424657535	1.0	1.0
Sphingolipids [SP]		3	1	1.6712328767123288	2.328767123287671	0.48571428571428565	0.85
Glycerophospholipids [GP]		5	29	14.205479452054794	19.794520547945204	0.015439500874214668	0.10807650611950267
