category	significant	up	down	expected_up	expected_down	raw_p_value	corr_p_value
Fatty Acyls [FA]		14	11	15.909090909090908	9.090909090909092	0.7732872791870324	1.0
Polyketides [PK]		9	5	8.909090909090908	5.090909090909091	1.0	1.0
Glycerolipids [GL]		3	1	2.5454545454545454	1.4545454545454546	1.0	1.0
Prenol Lipids [PR]		0	2	1.2727272727272727	0.7272727272727273	0.3333333333333333	1.0
Sphingolipids [SP]		1	1	1.2727272727272727	0.7272727272727273	1.0	1.0
Sterol Lipids [ST]		6	2	5.090909090909091	2.909090909090909	1.0	1.0
Glycerophospholipids [GP]		9	2	7.0	4.0	0.6351172047766476	1.0
