category	significant	up	down	expected_up	expected_down	raw_p_value	corr_p_value
Fatty Acyls [FA]		12	23	17.169811320754718	17.830188679245282	0.22698125215377607	0.7944343825382163
Sphingolipids [SP]		6	5	5.39622641509434	5.60377358490566	1.0	1.0
Prenol Lipids [PR]		4	3	3.4339622641509435	3.5660377358490565	1.0	1.0
Polyketides [PK]		5	6	5.39622641509434	5.60377358490566	1.0	1.0
Glycerophospholipids [GP]		9	10	9.320754716981131	9.679245283018869	1.0	1.0
Glycerolipids [GL]		6	5	5.39622641509434	5.60377358490566	1.0	1.0
Sterol Lipids [ST]		10	2	5.886792452830189	6.113207547169811	0.08937945887737246	0.6256562121416073
