category	significant	up	down	expected_up	expected_down	raw_p_value	corr_p_value
Fatty Acyls [FA]		7	28	12.547169811320753	22.452830188679247	0.18522868469961784	0.56795200917414
Sphingolipids [SP]		1	10	3.943396226415094	7.056603773584906	0.3107769423558897	0.56795200917414
Prenol Lipids [PR]		2	5	2.5094339622641506	4.490566037735849	1.0	1.0
Polyketides [PK]		10	1	3.943396226415094	7.056603773584906	0.0075187969924812035	0.052631578947368425
Glycerophospholipids [GP]		10	9	6.811320754716981	12.188679245283021	0.3245440052423657	0.56795200917414
Glycerolipids [GL]		5	6	3.943396226415094	7.056603773584906	0.6594427244582044	0.7779871674070086
Sterol Lipids [ST]		3	9	4.30188679245283	7.698113207547171	0.6668461434917216	0.7779871674070086
